mark;model
AC;378 GT Zagato
AC;Ace
AC;Aceca
AC;Cobra
Acura;CL
Acura;CSX
Acura;EL
Acura;ILX
Acura;Integra
Acura;Legend
Acura;MDX
Acura;NSX
Acura;RDX
Acura;RL
Acura;RSX
Acura;SLX
Acura;TL
Acura;TLX
Acura;TSX
Acura;ZDX
Adler;Diplomat
Adler;Trumpf Junior
Alfa Romeo;145
Alfa Romeo;146
Alfa Romeo;147
Alfa Romeo;155
Alfa Romeo;156
Alfa Romeo;159
Alfa Romeo;164
Alfa Romeo;166
Alfa Romeo;33
Alfa Romeo;4C
Alfa Romeo;6
Alfa Romeo;6C
Alfa Romeo;75
Alfa Romeo;Brera
Alfa Romeo;Giulia
Alfa Romeo;Giulietta
Alfa Romeo;GT
Alfa Romeo;GTV
Alfa Romeo;MiTo
Alfa Romeo;Spider
Alfa Romeo;Sprint
Alfa Romeo;Stelvio
Alfa Romeo;SZ
Alfa Romeo;Tonale
Alpina;B10
Alpina;B11
Alpina;B12
Alpina;B3
Alpina;B4
Alpina;B5
Alpina;B6
Alpina;B7
Alpina;D10
Alpina;D3
Alpina;D4
Alpina;D5
Alpina;Roadster
Alpina;XD3
AM General;HMMWV (Humvee)
AMC;Eagle
AMC;Hornet
Ariel;Atom
Aro;10
Aro;24
Asia;Rocsta
Asia;Topic
Asia;Towner
Aston Martin;DB11
Aston Martin;DB7
Aston Martin;DB9
Aston Martin;DBS
Aston Martin;DBX
Aston Martin;Rapide
Aston Martin;V8 Vantage
Aston Martin;Vanquish
Aston Martin;Virage
Audi;100
Audi;200
Audi;80
Audi;90
Audi;A1
Audi;A2
Audi;A3
Audi;A4
Audi;A4 allroad
Audi;A5
Audi;A6
Audi;A6 allroad
Audi;A7
Audi;A8
Audi;Cabriolet
Audi;Coupe
Audi;e-tron
Audi;e-tron GT
Audi;e-tron S
Audi;e-tron S Sportback
Audi;e-tron Sportback
Audi;Q2
Audi;Q2L
Audi;Q3
Audi;Q3 Sportback
Audi;Q4 e-tron
Audi;Q5
Audi;Q5 Sportback
Audi;Q7
Audi;Q8
Audi;Quattro
Audi;R8
Audi;RS 2
Audi;RS 3
Audi;RS 4
Audi;RS 5
Audi;RS 6
Audi;RS 7
Audi;RS e-tron GT
Audi;RS Q3
Audi;RS Q3 Sportback
Audi;RS Q8
Audi;S2
Audi;S3
Audi;S4
Audi;S5
Audi;S6
Audi;S7
Audi;S8
Audi;SQ5
Audi;SQ5 Sportback
Audi;SQ7
Audi;SQ8
Audi;TT
Audi;TT RS
Audi;TTS
Audi;V8
Aurus;Senat
Austin;FX4
Austin;Mini
Austin;Montego
Autobianchi;A 112
BAIC;A1
BAIC;BJ2020
BAIC;BJ212
BAIC;EU260
BAIC;EU5
BAIC;Luba (XB624)
Bajaj;Qute
Baltijas Dzips;BD-1322
Bentley;Arnage
Bentley;Azure
Bentley;Bentayga
Bentley;Brooklands
Bentley;Continental
Bentley;Continental Flying Spur
Bentley;Continental GT
Bentley;Eight
Bentley;Flying Spur
Bentley;Mulsanne
Bentley;S
Bentley;Turbo R
Bertone;Freeclimber
Bilenkin;Vintage
Bio auto;evA-4
Bitter;CD
Bitter;Type 3
BMW;02 (E10)
BMW;1 серии
BMW;1M
BMW;2 серии
BMW;2 серии Active Tourer
BMW;2 серии Gran Tourer
BMW;2000 C/CS
BMW;3 серии
BMW;4 серии
BMW;5 серии
BMW;503
BMW;6 серии
BMW;7 серии
BMW;8 серии
BMW;E3
BMW;E9
BMW;i3
BMW;i4
BMW;i7
BMW;i8
BMW;iX
BMW;iX3
BMW;M2
BMW;M3
BMW;M4
BMW;M5
BMW;M6
BMW;M8
BMW;X1
BMW;X2
BMW;X3
BMW;X3 M
BMW;X4
BMW;X4 M
BMW;X5
BMW;X5 M
BMW;X6
BMW;X6 M
BMW;X7
BMW;Z1
BMW;Z3
BMW;Z3 M
BMW;Z4
BMW;Z4 M
Borgward;2000
Borgward;Hansa 1100
Brilliance;H230
Brilliance;H530
Brilliance;M1 (BS6)
Brilliance;M2 (BS4)
Brilliance;V3
Brilliance;V5
Bristol;Blenheim
Bristol;Blenheim Speedster
Bristol;Fighter
Bufori;Geneva
Bufori;La Joya
Buick;Cascada
Buick;Century
Buick;Electra
Buick;Enclave
Buick;Encore
Buick;Encore GX
Buick;Envision
Buick;Excelle
Buick;LaCrosse
Buick;LeSabre
Buick;Park Avenue
Buick;Regal
BYD;Dolphin
BYD;E6
BYD;F0
BYD;F3
BYD;F6
BYD;Flyer
BYD;Han
BYD;Qin
BYD;S6
BYD;Song EV
BYD;Song Pro
BYD;Tang
BYD;Yuan
Cadillac;ATS
Cadillac;BLS
Cadillac;Brougham
Cadillac;Catera
Cadillac;CT5
Cadillac;CT6
Cadillac;CTS
Cadillac;CTS-V
Cadillac;DeVille
Cadillac;DTS
Cadillac;Eldorado
Cadillac;ELR
Cadillac;Escalade
Cadillac;Fleetwood
Cadillac;Seville
Cadillac;SRX
Cadillac;STS
Cadillac;XT4
Cadillac;XT5
Cadillac;XT6
Cadillac;XTS
Callaway;C12
Caterham;21
Caterham;Seven
Changan;Benni
Changan;Benni EC/EV
Changan;CM-8
Changan;CS35
Changan;CS35PLUS
Changan;CS55
Changan;CS75
Changan;Eado
Changan;Raeton
Changan;UNI-K
Chery;Amulet (A15)
Chery;Arrizo 7
Chery;Bonus (A13)
Chery;Bonus 3 (E3/A19)
Chery;CrossEastar (B14)
Chery;E5
Chery;eQ5
Chery;Fora (A21)
Chery;IndiS (S18D)
Chery;Karry
Chery;Kimo (A1)
Chery;M11 (A3)
Chery;Oriental Son (B11)
Chery;QQ6 (S21)
Chery;QQme
Chery;Sweet (QQ)
Chery;Tiggo (T11)
Chery;Tiggo 2
Chery;Tiggo 2 Pro
Chery;Tiggo 3
Chery;Tiggo 4
Chery;Tiggo 5
Chery;Tiggo 7
Chery;Tiggo 7 Pro
Chery;Tiggo 8
Chery;Tiggo 8 Pro
Chery;Tiggo 8 Pro Max
Chery;Very (A13)
Chevrolet;3000-Series
Chevrolet;Alero
Chevrolet;Astra
Chevrolet;Astro
Chevrolet;Avalanche
Chevrolet;Aveo
Chevrolet;Bel Air
Chevrolet;Beretta
Chevrolet;Blazer
Chevrolet;Blazer K5
Chevrolet;Bolt
Chevrolet;Camaro
Chevrolet;Captiva
Chevrolet;Cavalier
Chevrolet;Celebrity
Chevrolet;Chevelle
Chevrolet;Cobalt
Chevrolet;Colorado
Chevrolet;Corsa
Chevrolet;Corvair
Chevrolet;Corvette
Chevrolet;Cruze
Chevrolet;Cruze (HR)
Chevrolet;Deluxe
Chevrolet;El Camino
Chevrolet;Epica
Chevrolet;Equinox
Chevrolet;Evanda
Chevrolet;Express
Chevrolet;HHR
Chevrolet;Impala
Chevrolet;Lacetti
Chevrolet;Lanos
Chevrolet;Lumina
Chevrolet;Lumina APV
Chevrolet;Malibu
Chevrolet;Matiz
Chevrolet;Metro
Chevrolet;Monte Carlo
Chevrolet;MW
Chevrolet;Nexia
Chevrolet;Niva
Chevrolet;Nova
Chevrolet;Orlando
Chevrolet;Prizm
Chevrolet;Rezzo
Chevrolet;S-10 Pickup
Chevrolet;Sonic
Chevrolet;Spark
Chevrolet;SSR
Chevrolet;Starcraft
Chevrolet;Suburban
Chevrolet;Tahoe
Chevrolet;Tracker
Chevrolet;TrailBlazer
Chrysler;180
Chrysler;200
Chrysler;300
Chrysler;300 Letter Series
Chrysler;300C
Chrysler;300M
Chrysler;Cirrus
Chrysler;Concorde
Chrysler;Cordoba
Chrysler;Crossfire
Chrysler;Fifth Avenue
Chrysler;Intrepid
Chrysler;New Yorker
Chrysler;Pacifica
Chrysler;Prowler
Chrysler;PT Cruiser
Chrysler;Saratoga
Chrysler;Sebring
Chrysler;Stratus
Chrysler;Town & Country
Chrysler;Vision
Chrysler;Voyager
Citroen;2 CV
Citroen;AX
Citroen;Berlingo
Citroen;C1
Citroen;C2
Citroen;C3
Citroen;C3 Aircross
Citroen;C3 Picasso
Citroen;C4
Citroen;C4 Aircross
Citroen;C4 Cactus
Citroen;C4 Picasso
Citroen;C4 SpaceTourer
Citroen;C5
Citroen;C5 Aircross
Citroen;C6
Citroen;C8
Citroen;CX
Citroen;DS
Citroen;DS3
Citroen;DS4
Citroen;DS5
Citroen;Evasion
Citroen;GS
Citroen;Jumpy
Citroen;LN
Citroen;Nemo
Citroen;Saxo
Citroen;SM
Citroen;SpaceTourer
Citroen;Visa
Citroen;Xantia
Citroen;XM
Citroen;Xsara
Citroen;Xsara Picasso
Citroen;ZX
Cizeta;V16t
Coggiola;T Rex
Cord;L-29
Dacia;1310
Dacia;Duster
Dacia;Lodgy
Dacia;Logan
Dacia;Nova
Dacia;Sandero
Dacia;Solenza
Dacia;SuperNova
Dadi;City Leading
Dadi;Shuttle
Dadi;Smoothing
Daewoo;Chairman
Daewoo;Damas
Daewoo;Espero
Daewoo;Evanda
Daewoo;G2X
Daewoo;Gentra
Daewoo;Kalos
Daewoo;Lacetti
Daewoo;Lacetti Premiere
Daewoo;Lanos
Daewoo;Leganza
Daewoo;LeMans
Daewoo;Magnus
Daewoo;Matiz
Daewoo;Matiz Creative
Daewoo;Musso
Daewoo;Nexia
Daewoo;Nubira
Daewoo;Prince
Daewoo;Racer
Daewoo;Rezzo
Daewoo;Sens
Daewoo;Tacuma
Daewoo;Tico
Daewoo;Tosca
Daewoo;Winstorm
Daihatsu;Altis
Daihatsu;Applause
Daihatsu;Atrai
Daihatsu;Be-go
Daihatsu;Boon
Daihatsu;Cast
Daihatsu;Charade
Daihatsu;Charmant
Daihatsu;Coo
Daihatsu;Copen
Daihatsu;Cuore
Daihatsu;Esse
Daihatsu;Feroza
Daihatsu;Gran Move
Daihatsu;Hijet
Daihatsu;Hijet Caddie
Daihatsu;Leeza
Daihatsu;Materia
Daihatsu;MAX
Daihatsu;Mebius
Daihatsu;Mira
Daihatsu;Mira e:S
Daihatsu;Move
Daihatsu;Move Canbus
Daihatsu;Move Conte
Daihatsu;Naked
Daihatsu;Opti
Daihatsu;Pyzar
Daihatsu;Sirion
Daihatsu;Sonica
Daihatsu;Storia
Daihatsu;Taft
Daihatsu;Tanto
Daihatsu;Terios
Daihatsu;Thor
Daihatsu;Trevis
Daihatsu;Wake
Daihatsu;Wildcat
Daihatsu;YRV
Datsun;720
Datsun;mi-DO
Datsun;on-DO
Datsun;Sunny
Datsun;Violet
De Tomaso;Bigua
De Tomaso;Guara
De Tomaso;Mangusta
De Tomaso;Pantera
De Tomaso;Vallelunga
DKW;3=6
Dodge;600
Dodge;Aries
Dodge;Avenger
Dodge;Caliber
Dodge;Caravan
Dodge;Challenger
Dodge;Charger
Dodge;Charger Daytona
Dodge;Dakota
Dodge;Dart
Dodge;Daytona
Dodge;Diplomat
Dodge;Durango
Dodge;Dynasty
Dodge;Intrepid
Dodge;Journey
Dodge;Magnum
Dodge;Neon
Dodge;Nitro
Dodge;RAM
Dodge;RAM Van
Dodge;Shadow
Dodge;Spirit
Dodge;Stealth
Dodge;Stratus
Dodge;Viper
Dodge;WC series
DongFeng;580
DongFeng;AX7
DongFeng;DF6
DongFeng;E11K
DongFeng;H30 Cross
DongFeng;MPV
DongFeng;Rich
DongFeng;S30
Doninvest;Assol
Doninvest;Kondor
Doninvest;Orion
DS;3
DS;3 Crossback
DS;4
DS;5
DS;7 Crossback
DS;9
DW Hower;H3
DW Hower;H5
E-Car;GD04B
Eagle;Premier
Eagle;Summit
Eagle;Talon
Eagle;Vision
Eagle;Vista
Eagle Cars;SS
Everus;VE-1
Excalibur;Series IV
Excalibur;Series V
EXEED;LX
EXEED;TXL
EXEED;VX
Facel Vega;FV
FAW;Bestune T77
FAW;Besturn B50
FAW;Besturn B70
FAW;Besturn X40
FAW;Besturn X80
FAW;D60
FAW;Jinn
FAW;Oley
FAW;V2
FAW;V5
FAW;Vita
Ferrari;328
Ferrari;348
Ferrari;360
Ferrari;456
Ferrari;458
Ferrari;488
Ferrari;575M
Ferrari;599
Ferrari;612
Ferrari;812
Ferrari;California
Ferrari;F12berlinetta
Ferrari;F355
Ferrari;F430
Ferrari;F8
Ferrari;FF
Ferrari;GTC4Lusso
Ferrari;Mondial
Ferrari;Portofino
Ferrari;Roma
Ferrari;SF90 Stradale
Ferrari;Testarossa
Fiat;124
Fiat;124 Spider
Fiat;125
Fiat;126
Fiat;127
Fiat;131
Fiat;500
Fiat;500L
Fiat;500X
Fiat;Albea
Fiat;Argenta
Fiat;Barchetta
Fiat;Brava
Fiat;Bravo
Fiat;Cinquecento
Fiat;Coupe
Fiat;Croma
Fiat;Doblo
Fiat;Duna
Fiat;Fiorino
Fiat;Freemont
Fiat;Fullback
Fiat;Idea
Fiat;Linea
Fiat;Marea
Fiat;Multipla
Fiat;Palio
Fiat;Panda
Fiat;Punto
Fiat;Qubo
Fiat;Regata
Fiat;Ritmo
Fiat;Scudo
Fiat;Sedici
Fiat;Seicento
Fiat;Siena
Fiat;Stilo
Fiat;Strada
Fiat;Tempra
Fiat;Tipo
Fiat;Ulysse
Fiat;Uno
Fisker;Karma
Ford;Aerostar
Ford;Aspire
Ford;B-MAX
Ford;Bronco
Ford;C-MAX
Ford;Capri
Ford;Consul
Ford;Contour
Ford;Cougar
Ford;Country Squire
Ford;Crown Victoria
Ford;Custom
Ford;Econoline
Ford;Econovan
Ford;EcoSport
Ford;Edge
Ford;Escape
Ford;Escort
Ford;Escort (North America)
Ford;Excursion
Ford;Expedition
Ford;Explorer
Ford;Explorer Sport Trac
Ford;F-150
Ford;Fairlane
Ford;Fairmont
Ford;Festiva
Ford;Fiesta
Ford;Fiesta ST
Ford;Five Hundred
Ford;Flex
Ford;Focus
Ford;Focus RS
Ford;Focus ST
Ford;Freda
Ford;Freestyle
Ford;Fusion
Ford;Fusion (North America)
Ford;Galaxie
Ford;Galaxy
Ford;Granada
Ford;Ixion
Ford;KA
Ford;Kuga
Ford;Laser
Ford;LTD Crown Victoria
Ford;Maverick
Ford;Model A
Ford;Model T
Ford;Mondeo
Ford;Mondeo ST
Ford;Mustang
Ford;Mustang Mach-E
Ford;Orion
Ford;Probe
Ford;Puma
Ford;Ranchero
Ford;Ranger
Ford;Ranger (North America)
Ford;S-MAX
Ford;Scorpio
Ford;Sierra
Ford;Spectron
Ford;Taunus
Ford;Taurus
Ford;Telstar
Ford;Tempo
Ford;Territory
Ford;Thunderbird
Ford;Torino
Ford;Tourneo Connect
Ford;Tourneo Courier
Ford;Tourneo Custom
Ford;Transit Connect
Ford;V8
Ford;Windstar
Foton;Sauvana
Foton;Tunland
FSO;125p
FSO;126p
FSO;127p
FSO;132p
FSO;Polonez
Fuqi;6500 (Land King)
GAC;GN8
GAC;GS5
GAC;GS8
GAC Aion;S
GAC Aion;Y
Geely;Atlas
Geely;Atlas Pro
Geely;CK (Otaka)
Geely;Coolray
Geely;Emgrand 7
Geely;Emgrand EC7
Geely;Emgrand EC8
Geely;Emgrand GT
Geely;Emgrand X7
Geely;FC (Vision)
Geely;GC6
Geely;GC9
Geely;Geometry C
Geely;GS
Geely;LC (Panda)
Geely;LC (Panda) Cross
Geely;MK
Geely;MK Cross
Geely;Preface
Geely;Tugella
Genesis;G70
Genesis;G80
Genesis;G90
Genesis;GV60
Genesis;GV70
Genesis;GV80
Geo;Metro
Geo;Prizm
Geo;Storm
Geo;Tracker
GMC;Acadia
GMC;Envoy
GMC;Hummer EV
GMC;Jimmy
GMC;Safari
GMC;Savana
GMC;Sierra
GMC;Sonoma
GMC;Suburban
GMC;Terrain
GMC;Typhoon
GMC;Vandura
GMC;Yukon
Gonow;Troy
Gordon;Roadster
GP;Madison
Great Wall;Coolbear
Great Wall;Cowry (V80)
Great Wall;Deer
Great Wall;Florid
Great Wall;Hover
Great Wall;Hover H3
Great Wall;Hover H5
Great Wall;Hover H6
Great Wall;Hover M2
Great Wall;Hover M4
Great Wall;Pegasus
Great Wall;Peri
Great Wall;Poer
Great Wall;Safe
Great Wall;Sailor
Great Wall;Sing RUV
Great Wall;Voleex C30
Great Wall;Wingle
Great Wall;Wingle 7
Hafei;Brio
Hafei;Princip
Hafei;Simbo
Haima;3
Haima;7
Haima;M3
Hanomag;Rekord
Haval;Dargo
Haval;F7
Haval;F7x
Haval;H2
Haval;H5
Haval;H6
Haval;H6 Coupe
Haval;H8
Haval;H9
Haval;Jolion
Hawtai;Boliger
Hawtai;Laville
Hindustan;Ambassador
Hindustan;Contessa
Hispano-Suiza;K6
Honda;Accord
Honda;Acty
Honda;Airwave
Honda;Ascot
Honda;Ascot Innova
Honda;Avancier
Honda;Ballade
Honda;Beat
Honda;Capa
Honda;City
Honda;Civic
Honda;Civic Ferio
Honda;Clarity
Honda;Concerto
Honda;Crossroad
Honda;Crosstour
Honda;Domani
Honda;e
Honda;Edix
Honda;Element
Honda;Elysion
Honda;Fit
Honda;Fit Aria
Honda;Fit Shuttle
Honda;FR-V
Honda;Freed
Honda;Grace
Honda;HR-V
Honda;Insight
Honda;Inspire
Honda;Integra
Honda;Integra SJ
Honda;Jade
Honda;Jazz
Honda;Legend
Honda;Life
Honda;Logo
Honda;MDX
Honda;Mobilio
Honda;Mobilio Spike
Honda;N-BOX
Honda;N-One
Honda;N-WGN
Honda;NSX
Honda;Odyssey
Honda;Odyssey (North America)
Honda;Orthia
Honda;Partner
Honda;Passport
Honda;Pilot
Honda;Prelude
Honda;Rafaga
Honda;Ridgeline
Honda;S-MX
Honda;S2000
Honda;S660
Honda;Saber
Honda;Shuttle
Honda;Stepwgn
Honda;Stream
Honda;Street
Honda;That'S
Honda;Today
Honda;Torneo
Honda;Vamos
Honda;Vezel
Honda;Vigor
Honda;Z
Honda;Zest
Hongqi;E-HS9
Horch;830
Horch;853
HuangHai;Antelope
HuangHai;Landscape
Hudson;Deluxe Eight
Hummer;H1
Hummer;H2
Hummer;H3
Hyundai;Accent
Hyundai;Atos
Hyundai;Avante
Hyundai;Azera
Hyundai;Centennial
Hyundai;Click
Hyundai;Coupe
Hyundai;Creta
Hyundai;Dynasty
Hyundai;Elantra
Hyundai;Encino
Hyundai;Equus
Hyundai;Excel
Hyundai;Galloper
Hyundai;Genesis
Hyundai;Getz
Hyundai;Grace
Hyundai;Grand Starex
Hyundai;Grandeur
Hyundai;H-1
Hyundai;H200
Hyundai;i10
Hyundai;i20
Hyundai;i30
Hyundai;i30 N
Hyundai;i40
Hyundai;IONIQ
Hyundai;IONIQ 5
Hyundai;ix20
Hyundai;ix35
Hyundai;ix55
Hyundai;Kona
Hyundai;Lantra
Hyundai;Lavita
Hyundai;Marcia
Hyundai;Matrix
Hyundai;Maxcruz
Hyundai;Palisade
Hyundai;Pony
Hyundai;Santa Fe
Hyundai;Santamo
Hyundai;Scoupe
Hyundai;Solaris
Hyundai;Sonata
Hyundai;Starex
Hyundai;Staria
Hyundai;Stellar
Hyundai;Terracan
Hyundai;Tiburon
Hyundai;Trajet
Hyundai;Tucson
Hyundai;Tuscani
Hyundai;Veloster
Hyundai;Veracruz
Hyundai;Verna
Hyundai;XG
Infiniti;JX
Infiniti;Q50
Infiniti;Q60
Infiniti;Q70
Infiniti;QX30
Infiniti;QX4
Infiniti;QX50
Infiniti;QX55
Infiniti;QX56
Infiniti;QX60
Infiniti;QX70
Infiniti;QX80
Invicta;S1
Iran Khodro;Sahra
Iran Khodro;Samand
Iran Khodro;Soren
Isdera;Imperator 108i
Isdera;Spyder
Isuzu;Amigo
Isuzu;Aska
Isuzu;Axiom
Isuzu;Bighorn
Isuzu;D-Max
Isuzu;Fargo
Isuzu;Gemini
Isuzu;Impulse
Isuzu;Midi
Isuzu;MU
Isuzu;MU-X
Isuzu;Oasis
Isuzu;Piazza
Isuzu;Rodeo
Isuzu;Trooper
Isuzu;VehiCross
Isuzu;Wizard
IVECO;Massif
JAC;iEV7S
JAC;iEVS4
JAC;J2 (Yueyue)
JAC;J5 (Heyue)
JAC;J7
JAC;S3
JAC;S7
JAC;T6
Jaguar;E-Pace
Jaguar;E-type
Jaguar;F-Pace
Jaguar;F-Type
Jaguar;I-Pace
Jaguar;Mark 2
Jaguar;Mark IX
Jaguar;S-Type
Jaguar;X-Type
Jaguar;XE
Jaguar;XF
Jaguar;XFR
Jaguar;XJ
Jaguar;XJR
Jaguar;XJS
Jaguar;XK
Jaguar;XKR
Jeep;Cherokee
Jeep;CJ
Jeep;Commander
Jeep;Compass
Jeep;Grand Cherokee
Jeep;Renegade
Jeep;Wagoneer
Jeep;Wrangler
Jensen;Interceptor
Jensen;S-V8
Jinbei;Haise
JMC;Baodian
Kia;Avella
Kia;Cadenza
Kia;Capital
Kia;Carens
Kia;Carnival
Kia;Ceed
Kia;Ceed GT
Kia;Cerato
Kia;Clarus
Kia;Concord
Kia;Enterprise
Kia;EV6
Kia;Forte
Kia;Joice
Kia;K3
Kia;K5
Kia;K7
Kia;K8
Kia;K9
Kia;K900
Kia;Lotze
Kia;Magentis
Kia;Mentor
Kia;Mohave
Kia;Morning
Kia;Niro
Kia;Opirus
Kia;Optima
Kia;Picanto
Kia;Potentia
Kia;Pregio
Kia;Pride
Kia;Proceed
Kia;Quoris
Kia;Ray
Kia;Retona
Kia;Rio
Kia;Sedona
Kia;Seltos
Kia;Sephia
Kia;Shuma
Kia;Sorento
Kia;Soul
Kia;Spectra
Kia;Sportage
Kia;Stinger
Kia;Telluride
Kia;Towner
Kia;Venga
Kia;Visto
Kia;X-Trek
Kia;XCeed
Koenigsegg;Agera
Koenigsegg;CC8S
Koenigsegg;CCR
Koenigsegg;CCX
Koenigsegg;One:1
Koenigsegg;Regera
KTM AG;X-Bow
LADA (ВАЗ);1111 Ока
LADA (ВАЗ);2101
LADA (ВАЗ);2102
LADA (ВАЗ);2103
LADA (ВАЗ);2104
LADA (ВАЗ);2105
LADA (ВАЗ);2106
LADA (ВАЗ);2107
LADA (ВАЗ);2108
LADA (ВАЗ);2109
LADA (ВАЗ);21099
LADA (ВАЗ);2110
LADA (ВАЗ);2111
LADA (ВАЗ);2112
LADA (ВАЗ);2120 Надежда
LADA (ВАЗ);2123
LADA (ВАЗ);2129
LADA (ВАЗ);2328
LADA (ВАЗ);2329
LADA (ВАЗ);EL Lada
LADA (ВАЗ);Granta
LADA (ВАЗ);Kalina
LADA (ВАЗ);Largus
LADA (ВАЗ);Niva
LADA (ВАЗ);Niva Legend
LADA (ВАЗ);Priora
LADA (ВАЗ);Revolution
LADA (ВАЗ);Vesta
LADA (ВАЗ);XRAY
Lamborghini;Aventador
Lamborghini;Diablo
Lamborghini;Gallardo
Lamborghini;Huracán
Lamborghini;Murcielago
Lamborghini;Urus
Lancia;Dedra
Lancia;Delta
Lancia;Kappa
Lancia;Lybra
Lancia;Musa
Lancia;Phedra
Lancia;Prisma
Lancia;Thema
Lancia;Thesis
Lancia;Trevi
Lancia;Ypsilon
Lancia;Zeta
Land Rover;Defender
Land Rover;Discovery
Land Rover;Discovery Sport
Land Rover;Freelander
Land Rover;Range Rover
Land Rover;Range Rover Evoque
Land Rover;Range Rover Sport
Land Rover;Range Rover Velar
Land Rover;Series III
Landwind;X6
Lexus;CT
Lexus;ES
Lexus;GS
Lexus;GS F
Lexus;GX
Lexus;HS
Lexus;IS
Lexus;IS F
Lexus;LC
Lexus;LFA
Lexus;LM
Lexus;LS
Lexus;LX
Lexus;NX
Lexus;RC
Lexus;RC F
Lexus;RX
Lexus;SC
Lexus;UX
Lifan;Breez (520)
Lifan;Cebrium (720)
Lifan;Celliya (530)
Lifan;Myway
Lifan;Solano
Lifan;X50
Lifan;X60
Lifan;X70
Ligier;JS 51
Lincoln;Aviator
Lincoln;Continental
Lincoln;Corsair
Lincoln;LS
Lincoln;Mark LT
Lincoln;Mark VII
Lincoln;Mark VIII
Lincoln;MKC
Lincoln;MKS
Lincoln;MKT
Lincoln;MKX
Lincoln;MKZ
Lincoln;Nautilus
Lincoln;Navigator
Lincoln;Zephyr
LiXiang;One
Lotus;Elise
Lotus;Esprit
Lotus;Evora
Lotus;Exige
Luxgen;Luxgen7 MPV
Luxgen;Luxgen7 SUV
Luxgen;U7 Turbo
Mahindra;Marshal
Marussia;B1
Marussia;B2
Maruti;1000
Maruti;800
Maruti;Alto
Maruti;Baleno
Maruti;Esteem
Maruti;Gypsy
Maruti;Omni
Maruti;Versa
Maruti;Wagon R
Maruti;Zen
Maserati;3200 GT
Maserati;4200 GT
Maserati;Biturbo
Maserati;Ghibli
Maserati;GranTurismo
Maserati;Levante
Maserati;Quattroporte
Matra;Murena
Maybach;57
Maybach;62
Mazda;1000
Mazda;121
Mazda;1300
Mazda;2
Mazda;3
Mazda;3 MPS
Mazda;323
Mazda;5
Mazda;6
Mazda;6 MPS
Mazda;616
Mazda;626
Mazda;818
Mazda;929
Mazda;Atenza
Mazda;Autozam AZ-3
Mazda;Axela
Mazda;AZ-1
Mazda;AZ-Offroad
Mazda;AZ-Wagon
Mazda;Biante
Mazda;Bongo
Mazda;Bongo Friendee
Mazda;BT-50
Mazda;Capella
Mazda;Carol
Mazda;Chantez
Mazda;Cosmo
Mazda;Cronos
Mazda;CX-3
Mazda;CX-30
Mazda;CX-5
Mazda;CX-7
Mazda;CX-8
Mazda;CX-9
Mazda;Demio
Mazda;Efini MS-6
Mazda;Efini MS-8
Mazda;Efini MS-9
Mazda;Etude
Mazda;Eunos 100
Mazda;Eunos 300
Mazda;Eunos 500
Mazda;Eunos 800
Mazda;Eunos Cosmo
Mazda;Familia
Mazda;Flair
Mazda;Flair Crossover
Mazda;Flair Wagon
Mazda;Lantis
Mazda;Laputa
Mazda;Luce
Mazda;Millenia
Mazda;MPV
Mazda;MX-3
Mazda;MX-30
Mazda;MX-5
Mazda;MX-6
Mazda;Navajo
Mazda;Persona
Mazda;Premacy
Mazda;Proceed
Mazda;Proceed Levante
Mazda;Proceed Marvie
Mazda;Protege
Mazda;R360
Mazda;Revue
Mazda;Roadster
Mazda;RX-7
Mazda;RX-8
Mazda;Scrum
Mazda;Sentia
Mazda;Spiano
Mazda;Tribute
Mazda;Verisa
Mazda;Xedos 6
Mazda;Xedos 9
McLaren;540C
McLaren;570GT
McLaren;570S
McLaren;600LT
McLaren;650S
McLaren;675LT
McLaren;720S
McLaren;Artura
McLaren;F1
McLaren;GT
McLaren;MP4-12C
McLaren;P1
McLaren;Senna
Mega;Club
Mega;Monte Carlo
Mega;Track
Mercedes-Benz;190 (W201)
Mercedes-Benz;190 SL
Mercedes-Benz;220 (W187)
Mercedes-Benz;A-Класс
Mercedes-Benz;A-Класс AMG
Mercedes-Benz;AMG GT
Mercedes-Benz;B-Класс
Mercedes-Benz;C-Класс
Mercedes-Benz;C-Класс AMG
Mercedes-Benz;Citan
Mercedes-Benz;CL-Класс
Mercedes-Benz;CL-Класс AMG
Mercedes-Benz;CLA
Mercedes-Benz;CLA AMG
Mercedes-Benz;CLC-Класс
Mercedes-Benz;CLK AMG GTR
Mercedes-Benz;CLK-Класс
Mercedes-Benz;CLK-Класс AMG
Mercedes-Benz;CLS
Mercedes-Benz;CLS AMG
Mercedes-Benz;E-Класс
Mercedes-Benz;E-Класс AMG
Mercedes-Benz;EQA
Mercedes-Benz;EQB
Mercedes-Benz;EQC
Mercedes-Benz;EQE
Mercedes-Benz;EQE AMG
Mercedes-Benz;EQS
Mercedes-Benz;EQS AMG
Mercedes-Benz;EQS SUV
Mercedes-Benz;EQV
Mercedes-Benz;G-Класс
Mercedes-Benz;G-Класс AMG
Mercedes-Benz;G-Класс AMG 6x6
Mercedes-Benz;GL-Класс
Mercedes-Benz;GL-Класс AMG
Mercedes-Benz;GLA
Mercedes-Benz;GLA AMG
Mercedes-Benz;GLB
Mercedes-Benz;GLB AMG
Mercedes-Benz;GLC
Mercedes-Benz;GLC AMG
Mercedes-Benz;GLC Coupe
Mercedes-Benz;GLC Coupe AMG
Mercedes-Benz;GLE
Mercedes-Benz;GLE AMG
Mercedes-Benz;GLE Coupe
Mercedes-Benz;GLE Coupe AMG
Mercedes-Benz;GLK-Класс
Mercedes-Benz;GLS
Mercedes-Benz;GLS AMG
Mercedes-Benz;M-Класс
Mercedes-Benz;M-Класс AMG
Mercedes-Benz;Marco Polo
Mercedes-Benz;Maybach G 650 Landaulet
Mercedes-Benz;Maybach GLS
Mercedes-Benz;Maybach S-Класс
Mercedes-Benz;Metris
Mercedes-Benz;R-Класс
Mercedes-Benz;R-Класс AMG
Mercedes-Benz;S-Класс
Mercedes-Benz;S-Класс AMG
Mercedes-Benz;Simplex
Mercedes-Benz;SL-Класс
Mercedes-Benz;SL-Класс AMG
Mercedes-Benz;SLC
Mercedes-Benz;SLC AMG
Mercedes-Benz;SLK-Класс
Mercedes-Benz;SLK-Класс AMG
Mercedes-Benz;SLR McLaren
Mercedes-Benz;SLS AMG
Mercedes-Benz;T-Класс
Mercedes-Benz;V-Класс
Mercedes-Benz;Vaneo
Mercedes-Benz;Viano
Mercedes-Benz;Vito
Mercedes-Benz;W100
Mercedes-Benz;W105
Mercedes-Benz;W108
Mercedes-Benz;W110
Mercedes-Benz;W111
Mercedes-Benz;W114
Mercedes-Benz;W115
Mercedes-Benz;W120
Mercedes-Benz;W121
Mercedes-Benz;W123
Mercedes-Benz;W124
Mercedes-Benz;W128
Mercedes-Benz;W136
Mercedes-Benz;W138
Mercedes-Benz;W142
Mercedes-Benz;W186
Mercedes-Benz;W188
Mercedes-Benz;W189
Mercedes-Benz;W191
Mercedes-Benz;W21
Mercedes-Benz;W29
Mercedes-Benz;X-Класс
Mercury;Cougar
Mercury;Grand Marquis
Mercury;Mariner
Mercury;Marquis
Mercury;Milan
Mercury;Montego
Mercury;Monterey
Mercury;Mountaineer
Mercury;Mystique
Mercury;Sable
Mercury;Topaz
Mercury;Tracer
Mercury;Villager
MG;3
MG;350
MG;550
MG;F
MG;ZR
MG;ZT
Microcar;F8C
Microcar;M.Go
Microcar;M8
Microcar;MC
Microcar;Virgo
Minelli;TF 1800
MINI;Cooper
MINI;Clubman
MINI;Countryman
Mitsubishi;3000 GT
Mitsubishi;Airtrek
Mitsubishi;Aspire
Mitsubishi;ASX
Mitsubishi;Carisma
Mitsubishi;Celeste
Mitsubishi;Challenger
Mitsubishi;Chariot
Mitsubishi;Colt
Mitsubishi;Debonair
Mitsubishi;Delica
Mitsubishi;Delica D:2
Mitsubishi;Delica D:3
Mitsubishi;Delica D:5
Mitsubishi;Diamante
Mitsubishi;Dingo
Mitsubishi;Dion
Mitsubishi;Eclipse
Mitsubishi;Eclipse Cross
Mitsubishi;eK Custom
Mitsubishi;eK Space
Mitsubishi;eK Sport
Mitsubishi;eK Wagon
Mitsubishi;Emeraude
Mitsubishi;Endeavor
Mitsubishi;Eterna
Mitsubishi;FTO
Mitsubishi;Galant
Mitsubishi;Grandis
Mitsubishi;GTO
Mitsubishi;i
Mitsubishi;i-MiEV
Mitsubishi;Jeep J
Mitsubishi;L200
Mitsubishi;L300
Mitsubishi;L400
Mitsubishi;Lancer
Mitsubishi;Lancer Cargo
Mitsubishi;Lancer Evolution
Mitsubishi;Lancer Ralliart
Mitsubishi;Legnum
Mitsubishi;Libero
Mitsubishi;Minica
Mitsubishi;Minicab
Mitsubishi;Mirage
Mitsubishi;Montero
Mitsubishi;Montero Sport
Mitsubishi;Outlander
Mitsubishi;Pajero
Mitsubishi;Pajero iO
Mitsubishi;Pajero Junior
Mitsubishi;Pajero Mini
Mitsubishi;Pajero Pinin
Mitsubishi;Pajero Sport
Mitsubishi;RVR
Mitsubishi;Sapporo
Mitsubishi;Sigma
Mitsubishi;Space Gear
Mitsubishi;Space Runner
Mitsubishi;Space Star
Mitsubishi;Space Wagon
Mitsubishi;Starion
Mitsubishi;Strada
Mitsubishi;Toppo
Mitsubishi;Town Box
Mitsubishi;Tredia
Mitsubishi;Triton
Mitsubishi;Xpander
Mitsuoka;Galue
Mitsuoka;Le-Seyde
Morgan;Aero
Morgan;Plus 4
Morris;Eight
Morris;Marina
Nash;Ambassador
Nio;EC6
Nio;ES6
Nio;ES8
Nio;ET7
Nissan;100NX
Nissan;180SX
Nissan;200SX
Nissan;240SX
Nissan;280ZX
Nissan;300ZX
Nissan;350Z
Nissan;370Z
Nissan;AD
Nissan;Almera
Nissan;Almera Classic
Nissan;Almera Tino
Nissan;Altima
Nissan;Armada
Nissan;Auster
Nissan;Avenir
Nissan;Bassara
Nissan;BE-1
Nissan;Bluebird
Nissan;Bluebird Sylphy
Nissan;Cedric
Nissan;Cefiro
Nissan;Cherry
Nissan;Cima
Nissan;Clipper Rio
Nissan;Crew
Nissan;Cube
Nissan;Datsun
Nissan;Dayz
Nissan;Dayz Roox
Nissan;Dualis
Nissan;Elgrand
Nissan;Expert
Nissan;Fairlady Z
Nissan;Figaro
Nissan;Fuga
Nissan;Gloria
Nissan;GT-R
Nissan;Homy
Nissan;Juke
Nissan;Kicks
Nissan;Kix
Nissan;Lafesta
Nissan;Langley
Nissan;Largo
Nissan;Latio
Nissan;Laurel
Nissan;Leaf
Nissan;Leopard
Nissan;Liberty
Nissan;Lucino
Nissan;March
Nissan;Maxima
Nissan;Micra
Nissan;Mistral
Nissan;Moco
Nissan;Murano
Nissan;Navara
Nissan;Note
Nissan;NP300
Nissan;NV100 Clipper
Nissan;NV200
Nissan;NV300
Nissan;NV350 Caravan
Nissan;NX Coupe
Nissan;Otti
Nissan;Pathfinder
Nissan;Patrol
Nissan;Pino
Nissan;Pixo
Nissan;Prairie
Nissan;Presage
Nissan;Presea
Nissan;President
Nissan;Primastar
Nissan;Primera
Nissan;Pulsar
Nissan;Qashqai
Nissan;Qashqai+2
Nissan;Quest
Nissan;R'nessa
Nissan;Rasheen
Nissan;Rogue
Nissan;Roox
Nissan;Safari
Nissan;Sentra
Nissan;Serena
Nissan;Silvia
Nissan;Skyline
Nissan;Stagea
Nissan;Stanza
Nissan;Sunny
Nissan;Teana
Nissan;Terrano
Nissan;Terrano Regulus
Nissan;Tiida
Nissan;Tino
Nissan;Titan
Nissan;Urvan
Nissan;Vanette
Nissan;Versa
Nissan;Wingroad
Nissan;X-Trail
Nissan;Xterra
Noble;M12 GTO
Noble;M15
Noble;M600
Oldsmobile;Achieva
Oldsmobile;Alero
Oldsmobile;Aurora
Oldsmobile;Bravada
Oldsmobile;Cutlass
Oldsmobile;Cutlass Ciera
Oldsmobile;Cutlass Supreme
Oldsmobile;Eighty-Eight
Oldsmobile;Omega
Oldsmobile;Silhouette
Oldsmobile;Toronado
Opel;Adam
Opel;Admiral
Opel;Agila
Opel;Ampera
Opel;Antara
Opel;Ascona
Opel;Astra
Opel;Astra OPC
Opel;Calibra
Opel;Campo
Opel;Combo
Opel;Commodore
Opel;Corsa
Opel;Corsa OPC
Opel;Crossland
Opel;Diplomat
Opel;Frontera
Opel;Grandland X
Opel;GT
Opel;Insignia
Opel;Insignia OPC
Opel;Kadett
Opel;Kapitan
Opel;Karl
Opel;Manta
Opel;Meriva
Opel;Meriva OPC
Opel;Mokka
Opel;Monterey
Opel;Monza
Opel;Olympia
Opel;Omega
Opel;P4
Opel;Rekord
Opel;Senator
Opel;Signum
Opel;Sintra
Opel;Super 6
Opel;Tigra
Opel;Vectra
Opel;Vectra OPC
Opel;Vita
Opel;Vivaro
Opel;Zafira
Opel;Zafira Life
Opel;Zafira OPC
Osca;2500 GT
Packard;200/250
Packard;Clipper
Packard;Custom Eight
Packard;One-Twenty
Packard;Six
Packard;Twelve
Pagani;Huayra
Pagani;Zonda
Panoz;Esperante
Panoz;Roadster
Peugeot;1007
Peugeot;104
Peugeot;106
Peugeot;107
Peugeot;2008
Peugeot;203
Peugeot;205
Peugeot;206
Peugeot;207
Peugeot;208
Peugeot;3008
Peugeot;301
Peugeot;305
Peugeot;306
Peugeot;307
Peugeot;308
Peugeot;309
Peugeot;4007
Peugeot;4008
Peugeot;404
Peugeot;405
Peugeot;406
Peugeot;407
Peugeot;408
Peugeot;5008
Peugeot;504
Peugeot;505
Peugeot;508
Peugeot;605
Peugeot;607
Peugeot;806
Peugeot;807
Peugeot;Bipper
Peugeot;Expert
Peugeot;Partner
Peugeot;RCZ
Peugeot;Traveller
PGO;Cevennes
PGO;Hemera
PGO;Speedster II
Piaggio;Porter
Plymouth;Acclaim
Plymouth;Breeze
Plymouth;Caravelle
Plymouth;Fury
Plymouth;Laser
Plymouth;Neon
Plymouth;Prowler
Plymouth;Reliant
Plymouth;Sundance
Plymouth;Valiant
Plymouth;Voyager
Pontiac;6000
Pontiac;Aztek
Pontiac;Bonneville
Pontiac;Catalina
Pontiac;Fiero
Pontiac;Firebird
Pontiac;G6
Pontiac;Grand AM
Pontiac;Grand Prix
Pontiac;GTO
Pontiac;Laurentian
Pontiac;Montana
Pontiac;Solstice
Pontiac;Sunbird
Pontiac;Sunfire
Pontiac;Torrent
Pontiac;Trans Sport
Porsche;356
Porsche;718 Spyder
Porsche;911
Porsche;911 GT2
Porsche;911 GT3
Porsche;911 R
Porsche;912
Porsche;914
Porsche;918 Spyder
Porsche;924
Porsche;928
Porsche;944
Porsche;959
Porsche;968
Porsche;Boxster
Porsche;Carrera GT
Porsche;Cayenne
Porsche;Cayman
Porsche;Cayman GT4
Porsche;Macan
Porsche;Panamera
Porsche;Taycan
Premier;118NE
Premier;Padmini
Proton;Persona
Proton;Putra
Proton;Satria
Proton;Waja
PUCH;G-modell
PUCH;Pinzgauer
Puma;GTB
Puma;GTE
Qoros;3
Qoros;5
Qvale;Mangusta
RAM;1500
Ravon;Gentra
Ravon;Matiz
Ravon;Nexia R3
Ravon;R2
Ravon;R4
Reliant;Scimitar Sabre
Renaissance;Tropica Roadster
Renault;10
Renault;11
Renault;12
Renault;14
Renault;15
Renault;16
Renault;17
Renault;18
Renault;19
Renault;20
Renault;21
Renault;25
Renault;30
Renault;4
Renault;4CV
Renault;5
Renault;6
Renault;8
Renault;9
Renault;Alaskan
Renault;Arkana
Renault;Austral
Renault;Avantime
Renault;Captur
Renault;Caravelle
Renault;City K-ZE
Renault;Clio
Renault;Clio RS
Renault;Clio V6
Renault;Dauphine
Renault;Dokker
Renault;Duster
Renault;Espace
Renault;Floride
Renault;Fluence
Renault;Fregate
Renault;Fuego
Renault;Kadjar
Renault;Kangoo
Renault;Kaptur
Renault;Koleos
Renault;KWID
Renault;Laguna
Renault;Latitude
Renault;Lodgy
Renault;Logan
Renault;Megane
Renault;Megane E-Tech
Renault;Megane RS
Renault;Modus
Renault;Rodeo
Renault;Safrane
Renault;Sandero
Renault;Sandero RS
Renault;Scenic
Renault;Sport Spider
Renault;Symbol
Renault;Talisman
Renault;Trafic
Renault;Twingo
Renault;Twizy
Renault;Vel Satis
Renault;Vivastella
Renault;Wind
Renault;ZOE
Renault Samsung;QM3
Renault Samsung;QM5
Renault Samsung;QM6
Renault Samsung;SM3
Renault Samsung;SM5
Renault Samsung;SM6
Renault Samsung;SM7
Rezvani;Beast
Rezvani;Tank
Rimac;C Two
Rimac;Concept_One
Rolls-Royce;20/25
Rolls-Royce;Camargue
Rolls-Royce;Corniche
Rolls-Royce;Cullinan
Rolls-Royce;Dawn
Rolls-Royce;Ghost
Rolls-Royce;Park Ward
Rolls-Royce;Phantom
Rolls-Royce;Silver Cloud
Rolls-Royce;Silver Ghost
Rolls-Royce;Silver Seraph
Rolls-Royce;Silver Shadow
Rolls-Royce;Silver Spirit
Rolls-Royce;Silver Spur
Rolls-Royce;Silver Wraith
Rolls-Royce;Wraith
Ronart;Lightning
Rover;100
Rover;14
Rover;200
Rover;25
Rover;400
Rover;45
Rover;600
Rover;75
Rover;800
Rover;Maestro
Rover;Metro
Rover;Mini
Rover;Montego
Rover;P3
Rover;P4
Rover;P6
Rover;SD1
Rover;Streetwise
Saab;600
Saab;9-2X
Saab;9-3
Saab;9-4X
Saab;9-5
Saab;9-7X
Saab;90
Saab;900
Saab;9000
Saab;93
Saab;95
Saab;96
Saab;99
Saab;Sonett
Saipa;Saina
Saipa;Tiba
Saleen;S7
Santana;PS-10
Saturn;Astra
Saturn;Aura
Saturn;ION
Saturn;LS
Saturn;LW
Saturn;Outlook
Saturn;Relay
Saturn;SC
Saturn;Sky
Saturn;SL
Saturn;SW
Saturn;VUE
Scion;FR-S
Scion;iA
Scion;iM
Scion;iQ
Scion;tC
Scion;xA
Scion;xB
Scion;xD
Sears;Model J
SEAT;133
SEAT;Alhambra
SEAT;Altea
SEAT;Arona
SEAT;Arosa
SEAT;Ateca
SEAT;Cordoba
SEAT;Exeo
SEAT;Fura
SEAT;Ibiza
SEAT;Ibiza Cupra
SEAT;Inca
SEAT;Leon
SEAT;Leon Cupra
SEAT;Malaga
SEAT;Marbella
SEAT;Mii
SEAT;Ronda
SEAT;Tarraco
SEAT;Toledo
ShuangHuan;Sceo
Simca;1300/1500
Simca;1307
Skoda;100 Series
Skoda;105, 120
Skoda;1200
Skoda;Citigo
Skoda;Enyaq
Skoda;Enyaq Coupe
Skoda;Enyaq Coupe RS
Skoda;Fabia
Skoda;Fabia RS
Skoda;Favorit
Skoda;Felicia
Skoda;Forman
Skoda;Kamiq
Skoda;Karoq
Skoda;Kodiaq
Skoda;Kodiaq RS
Skoda;Octavia
Skoda;Octavia RS
Skoda;Popular
Skoda;Rapid
Skoda;Roomster
Skoda;Scala
Skoda;Superb
Skoda;Yeti
Skywell;ET5
Smart;Forfour
Smart;Fortwo
Smart;Roadster
Spyker;C12
Spyker;C8
SsangYong;Actyon
SsangYong;Actyon Sports
SsangYong;Chairman
SsangYong;Istana
sangYong;Kallista
SsangYong;Korando
SsangYong;Korando Family
SsangYong;Korando Sports
SsangYong;Korando Turismo
SsangYong;Kyron
SsangYong;Musso
SsangYong;Nomad
SsangYong;Rexton
SsangYong;Rodius
SsangYong;Stavic
SsangYong;Tivoli
SsangYong;XLV
Steyr;1500
Studebaker;Golden Hawk
Subaru;1000
Subaru;360
Subaru;Alcyone
Subaru;Ascent
Subaru;Baja
Subaru;Bighorn
Subaru;Bistro
Subaru;Brat
Subaru;BRZ
Subaru;Dex
Subaru;Dias Wagon
Subaru;Domingo
Subaru;Exiga
Subaru;Forester
Subaru;Impreza
Subaru;Impreza WRX
Subaru;Impreza WRX STi
Subaru;Justy
Subaru;Legacy
Subaru;Legacy Lancaster
Subaru;Leone
Subaru;Levorg
Subaru;Libero
Subaru;Lucra
Subaru;Outback
Subaru;Pleo
Subaru;Pleo Plus
Subaru;R1
Subaru;R2
Subaru;Rex
Subaru;Sambar
Subaru;Solterra
Subaru;Stella
Subaru;SVX
Subaru;Traviq
Subaru;Trezia
ubaru;Tribeca
Subaru;Vivio
Subaru;WRX
Subaru;WRX STi
Subaru;XT
Subaru;XV
Suzuki;Across
Suzuki;Aerio
Suzuki;Alto
Suzuki;Alto Lapin
Suzuki;APV
Suzuki;Baleno
Suzuki;Cappuccino
Suzuki;Cara
Suzuki;Carry
Suzuki;Celerio
Suzuki;Cervo
Suzuki;Cultus
Suzuki;Equator
Suzuki;Ertiga
Suzuki;Escudo
Suzuki;Esteem
Suzuki;Every
Suzuki;Forenza
Suzuki;Fronte
Suzuki;Grand Vitara
Suzuki;Hustler
Suzuki;Ignis
Suzuki;Jimny
Suzuki;Kei
Suzuki;Kizashi
Suzuki;Landy
Suzuki;Liana
Suzuki;MR Wagon
Suzuki;Palette
Suzuki;Reno
Suzuki;Samurai
Suzuki;Sidekick
Suzuki;Solio
Suzuki;Spacia
Suzuki;Splash
Suzuki;Swace
Suzuki;Swift
Suzuki;SX4
Suzuki;Twin
Suzuki;Verona
Suzuki;Vitara
Suzuki;Wagon R
Suzuki;Wagon R+
Suzuki;X-90
Suzuki;Xbee
Suzuki;XL7
Talbot;Horizon
TATA;Indica
TATA;Indigo
TATA;Telcoline
TATA;Xenon
Tatra;57
Tatra;T603
Tatra;T613
Tatra;T700
Tazzari;Zero
Tesla;Cybertruck
Tesla;Model 3
Tesla;Model S
Tesla;Model X
Tesla;Model Y
Tesla;Roadster
Think;City
Tianma;Century
Tianye;Admiral
Toyota;2000GT
Toyota;4Runner
Toyota;Allex
Toyota;Allion
Toyota;Alphard
Toyota;Altezza
Toyota;Aqua
Toyota;Aristo
Toyota;Aurion
Toyota;Auris
Toyota;Avalon
Toyota;Avanza
Toyota;Avensis
Toyota;Avensis Verso
Toyota;Aygo
Toyota;Aygo X
Toyota;bB
Toyota;Belta
Toyota;Blade
Toyota;Blizzard
Toyota;Brevis
Toyota;bZ4X
Toyota;C-HR
Toyota;Caldina
Toyota;Cami
Toyota;Camry
Toyota;Camry Solara
Toyota;Carina
Toyota;Carina E
Toyota;Carina ED
Toyota;Cavalier
Toyota;Celica
Toyota;Celsior
Toyota;Century
Toyota;Chaser
Toyota;Classic
Toyota;Comfort
Toyota;COMS
Toyota;Corolla
Toyota;Corolla Cross
Toyota;Corolla II
Toyota;Corolla Levin
Toyota;Corolla Rumion
Toyota;Corolla Spacio
Toyota;Corolla Verso
Toyota;Corona
Toyota;Corona EXiV
Toyota;Corsa
Toyota;Cressida
Toyota;Cresta
Toyota;Crown
Toyota;Crown Majesta
Toyota;Curren
Toyota;Cynos
Toyota;Duet
Toyota;Echo
Toyota;Esquire
Toyota;Estima
Toyota;Etios
Toyota;FJ Cruiser
Toyota;Fortuner
Toyota;FunCargo
Toyota;Gaia
Toyota;GR86
Toyota;Grand HiAce
Toyota;Granvia
Toyota;GT86
Toyota;Harrier
Toyota;HiAce
Toyota;Highlander
Toyota;Hilux
Toyota;Hilux Surf
Toyota;Innova
Toyota;Ipsum
Toyota;iQ
Toyota;ISis
Toyota;Ist
Toyota;Kluger
Toyota;Land Cruiser
Toyota;Land Cruiser Prado
Toyota;Lite Ace
Toyota;Mark II
Toyota;Mark X
Toyota;Mark X ZiO
Toyota;MasterAce Surf
Toyota;Matrix
Toyota;Mega Cruiser
Toyota;Mirai
Toyota;Model F
Toyota;MR-S
Toyota;MR2
Toyota;Nadia
Toyota;Noah
Toyota;Opa
Toyota;Origin
Toyota;Paseo
Toyota;Passo
Toyota;Passo Sette
Toyota;Picnic
Toyota;Pixis Epoch
Toyota;Pixis Joy
Toyota;Pixis Mega
Toyota;Pixis Space
Toyota;Pixis Van
Toyota;Platz
Toyota;Porte
Toyota;Premio
Toyota;Previa
Toyota;Prius
Toyota;Prius Alpha
Toyota;Prius c
Toyota;Prius v (+)
Toyota;ProAce
Toyota;ProAce City
Toyota;Probox
Toyota;Progres
Toyota;Pronard
Toyota;Publica
Toyota;Ractis
Toyota;Raize
Toyota;Raum
Toyota;RAV4
Toyota;Regius
Toyota;RegiusAce
Toyota;Roomy
Toyota;Rush
Toyota;Sai
Toyota;Scepter
oyota;Sequoia
Toyota;Sera
Toyota;Sienna
Toyota;Sienta
Toyota;Soarer
Toyota;Soluna
Toyota;Spade
Toyota;Sparky
Toyota;Sports 800
Toyota;Sprinter
Toyota;Sprinter Carib
Toyota;Sprinter Marino
Toyota;Sprinter Trueno
Toyota;Starlet
Toyota;Succeed
Toyota;Supra
Toyota;Tacoma
Toyota;Tank
Toyota;Tercel
Toyota;Touring HiAce
Toyota;Town Ace
Toyota;Tundra
Toyota;Urban Cruiser
Toyota;Vanguard
Toyota;Vellfire
Toyota;Venza
Toyota;Verossa
Toyota;Verso
Toyota;Verso-S
Toyota;Vios
Toyota;Vista
Toyota;Vitz
Toyota;Voltz
Toyota;Voxy
Toyota;WiLL
Toyota;WiLL Cypha
Toyota;Windom
Toyota;Wish
Toyota;Yaris
Toyota;Yaris Cross
Toyota;Yaris Verso
Trabant;P 601
Tramontana;Tramontana
Triumph;Spitfire
Triumph;TR3
TVR;280
VR;350
TVR;390
TVR;400
TVR;420
TVR;450
TVR;Cerbera
TVR;Chimaera
TVR;Griffith
TVR;S-Series
TVR;Sagaris
TVR;Taimar
TVR;Tamora
VR;Tasmin
TVR;Tuscan
Ultima;Can-Am
Ultima;GTR
Ultima;RS
Vauxhall;Astra
Vauxhall;Cavalier
Vauxhall;Viva
Vector;M12
Vector;W8 Twin Turbo
Venturi;210
Venturi;260 LM
Venturi;300 Atlantique
Venturi;400 GT
Volkswagen;181
Volkswagen;Amarok
Volkswagen;Arteon
Volkswagen;Arteon R
Volkswagen;Atlas
Volkswagen;Atlas Cross Sport
Volkswagen;Beetle
Volkswagen;Bora
Volkswagen;Caddy
Volkswagen;California
Volkswagen;Caravelle
Volkswagen;Corrado
Volkswagen;Derby
Volkswagen;Eos
Volkswagen;EuroVan
Volkswagen;Fox
Volkswagen;Gol
Volkswagen;Golf
Volkswagen;Golf Country
Volkswagen;Golf GTI
Volkswagen;Golf Plus
Volkswagen;Golf R
Volkswagen;Golf R32
Volkswagen;Golf Sportsvan
Volkswagen;ID.3
Volkswagen;ID.4
Volkswagen;ID.5
Volkswagen;ID.6
Volkswagen;ID.Buzz
Volkswagen;Iltis
Volkswagen;Jetta
Volkswagen;K70
Volkswagen;Karmann-Ghia
Volkswagen;Lavida
Volkswagen;Lupo
Volkswagen;Lupo GTI
Volkswagen;Multivan
Volkswagen;Parati
Volkswagen;Passat
Volkswagen;Passat (North America)
Volkswagen;Passat CC
Volkswagen;Phaeton
Volkswagen;Pointer
Volkswagen;Polo
Volkswagen;Polo GTI
Volkswagen;Polo R WRC
Volkswagen;Quantum
Volkswagen;Routan
Volkswagen;Santana
Volkswagen;Scirocco
Volkswagen;Scirocco R
Volkswagen;Sharan
Volkswagen;SpaceFox
Volkswagen;T-Cross
Volkswagen;T-Roc
Volkswagen;T-Roc R
Volkswagen;Taigo
Volkswagen;Taos
Volkswagen;Taro
Volkswagen;Teramont
Volkswagen;Tharu
Volkswagen;Tiguan
Volkswagen;Tiguan R
Volkswagen;Touareg
Volkswagen;Touran
Volkswagen;Transporter
Volkswagen;Type 1
Volkswagen;Type 166
Volkswagen;Type 2
Volkswagen;Type 3
Volkswagen;Type 4
Volkswagen;Type 82
Volkswagen;up!
Volkswagen;Vento
Volkswagen;XL1
Volvo;120 Series
Volvo;140 Series
Volvo;164
Volvo;240 Series
Volvo;260 Series
Volvo;300 Series
Volvo;440
Volvo;460
Volvo;480
Volvo;66
Volvo;740
Volvo;760
Volvo;780
Volvo;850
Volvo;940
Volvo;960
Volvo;C30
Volvo;C40
Volvo;C70
Volvo;Laplander
Volvo;P1800
Volvo;P1900
Volvo;PV444
Volvo;PV544
Volvo;S40
Volvo;S60
Volvo;S60 Cross Country
Volvo;S70
Volvo;S80
Volvo;S90
Volvo;V40
Volvo;V40 Cross Country
Volvo;V50
Volvo;V60
Volvo;V60 Cross Country
Volvo;V70
Volvo;V90
Volvo;V90 Cross Country
Volvo;XC40
Volvo;XC60
Volvo;XC70
Volvo;XC90
Vortex;Corda
Vortex;Estina
Vortex;Tingo
Voyah;Free
W Motors;Fenyr Supersport
W Motors;Lykan Hypersport
Wanderer;W24
Wanderer;W40
Wartburg;1.3
Wartburg;353
Weltmeister;EX5
Westfield;SEi & Sport
Wiesmann;GT
Wiesmann;Roadster
Willys;CJ
Willys;Jeepster
Willys;MB
Xin Kai;Pickup X3
Xin Kai;SR-V X3
Xin Kai;SUV X3
Xpeng;G3
Xpeng;P7
Zastava;Florida
Zeekr;001
Zenos;E10
Zenvo;ST1
Zibar;MK2
Zotye;Coupa
Zotye;T600
Zotye;Z300
ZX;Admiral
ZX;Grand Tiger
ZX;Landmark
Автокам;2160
ГАЗ;12 ЗИМ
ГАЗ;13 «Чайка»
ГАЗ;14 «Чайка»
ГАЗ;18
ГАЗ;21 «Волга»
ГАЗ;22 «Волга»
ГАЗ;2308 «Атаман»
ГАЗ;2330 «Тигр»
ГАЗ;24 «Волга»
ГАЗ;3102 «Волга»
ГАЗ;31022 «Волга»
ГАЗ;310221 «Волга»
ГАЗ;31029 «Волга»
ГАЗ;3103 «Волга»
ГАЗ;3105 «Волга»
ГАЗ;3110 «Волга»
ГАЗ;31105 «Волга»
ГАЗ;3111 «Волга»
ГАЗ;46
ГАЗ;61
ГАЗ;64
ГАЗ;69
ГАЗ;Volga Siber
ГАЗ;А
ГАЗ;ГАЗ 67
ГАЗ;М-20 «Победа»
ГАЗ;М-72
ГАЗ;М1
ЗАЗ;1102 «Таврия»
ЗАЗ;1103 «Славута»
ЗАЗ;1105 «Дана»
ЗАЗ;965
ЗАЗ;966
ЗАЗ;968
ЗАЗ;Chance
ЗАЗ;Forza
ЗАЗ;Lanos
ЗАЗ;Sens
ЗАЗ;Vida
ЗИЛ;111
ЗИЛ;114
ЗИЛ;117
ЗИЛ;4104
ЗиС;101
ЗиС;110
ИЖ;2125 «Комби»
ИЖ;2126 «Ода»
ИЖ;21261 «Фабула»
ИЖ;2715
ИЖ;2717
ИЖ;27175
ИЖ;Москвич-412
Канонир;2317
Комбат;Т98
ЛуАЗ;1302 Волынь
ЛуАЗ;967
ЛуАЗ;969
Москвич;2136
Москвич;2137
Москвич;2138
Москвич;2140
Москвич;2141
Москвич;2142
Москвич;400
Москвич;401
Москвич;402
Москвич;403
Москвич;407
Москвич;408
Москвич;410
Москвич;411
Москвич;412
Москвич;423
Москвич;424
Москвич;426
Москвич;427
Москвич;430
Москвич;434П
Москвич;Дуэт
Москвич;Иван Калита
Москвич;Князь Владимир
Москвич;Святогор
Москвич;Юрий Долгорукий
СМЗ;С-1Л
СМЗ;С-3А
СМЗ;С-3Д
ТагАЗ;Aquila
ТагАЗ;C-30
ТагАЗ;C10
ТагАЗ;C190
ТагАЗ;Road Partner
ТагАЗ;Tager
ТагАЗ;Vega
УАЗ;3151
УАЗ;3153
УАЗ;3159
УАЗ;3160
УАЗ;3162 Simbir
УАЗ;469
УАЗ;Hunter
УАЗ;Patriot
УАЗ;Pickup
УАЗ;Астеро